<?xml version="1.0" encoding="utf-8"?>
<!DOCTYPE hibernate-configuration PUBLIC "-//Hibernate/Hibernate Configuration DTD 3.0//EN"
                                         "http://hibernate.sourceforge.net/hibernate-configuration-3.0.dtd">
<hibernate-configuration>
	<session-factory>
		<property name="hibernate.connection.driver_class">com.microsoft.sqlserver.jdbc.SQLServerDriver</property>
		<property name="hibernate.connection.url">jdbc:sqlserver://10.10.1.91;databaseName=Attendance;integratedSecurity=true</property>
		<!-- <property name="hibernate.connection.username">root</property> <property 
			name="hibernate.connection.password"></property> -->
		<property name="hibernate.dialect">org.hibernate.dialect.SQLServerDialect</property>
		<property name="hibernate.search.autoregister_listeners">false</property>
		<property name="show_sql">true</property>

		<property name="hibernate.hbm2ddl.auto">create</property>
		
		
		<mapping class="model.Attendance_table" resource="model/Attendance.hbm.xml" />
		
	</session-factory>
</hibernate-configuration>