<?xml version="1.0" encoding="UTF-8"?>

<!DOCTYPE hibernate-mapping PUBLIC "-//Hibernate/Hibernate Mapping DTD 3.0//EN"
"http://hibernate.sourceforge.net/hibernate-mapping-3.0.dtd">
<!-- Generated Sep 14, 2017 3:28:52 PM by Hibernate Tools 3.4.0.CR1 -->
<hibernate-mapping>
	<class name="model.Attendance_table" table="Attendance">
		<id name="table_id" type="int">
			<column name="table_id" />
			<generator class="assigned" />
		</id>
		<property name="Employee_name" type="java.lang.String">
			<column name="Employee_name" />
		</property>

	</class>
</hibernate-mapping>